Challenge,challange1,challange1,challange2,challange2,challange3,challange3,challange4,challange4,challange5,challange5,challange6,challange6,challange7,challange7,challange8,challange8,challange9,challange9,challange10,challange10,Total_SCORE,Total_SCORE
 ,MAE,Accuracy,MAE,Accuracy,MAE,Accuracy,MAE,Accuracy,MAE,Accuracy,MAE,Accuracy,MAE,Accuracy,MAE,Accuracy,MAE,Accuracy,MAE,Accuracy,MAE,Accuracy
dummy,0.0,0.0,0.0,0.0,0.0,0.0,0.0,0.0,0.0,0.0,0.0,0.0,0.0,0.0,0.0,0.0,0.0,0.0,0.0,0.0,0.0,0.0
IAmBERT1,0.73,0.594,0.508,0.648,0.4531835205992509,0.6048689138576779,0.168,0.9,0.716,0.366,2.15,0.404,0.906,0.18,0.544,0.63,0.388235294117647,0.6352941176470588,0.32,0.724,0.6883418814716897,0.5686163031504737
ok_5,0.516,0.518,0.534,0.522,0.5131086142322098,0.5468164794007491,0.1,0.932,0.69,0.34,2.1,0.174,0.828,0.308,0.546,0.514,0.6029411764705882,0.4323529411764706,0.466,0.588,0.6896049790702798,0.487516942057722
QJR,0.924,0.54,0.556,0.606,0.5112359550561798,0.5749063670411985,0.218,0.894,0.898,0.292,2.37,0.356,0.88,0.254,0.484,0.65,0.5029411764705882,0.5882352941176471,0.42,0.672,0.7764177131526768,0.5427141661158845
